{"circ_id": [200, 201, 202, 203, 204, 205, 206, 207, 208, 209, 210, 211, 212, 213, 214, 215, 216, 217, 218, 300, 301, 302, 303, 304, 305, 306, 307, 308, 309, 310, 311, 312, 313, 314, 315, 316, 317, 318, 400, 401, 402, 403, 404, 405, 406, 407, 408, 409, 410, 411, 412, 413, 414, 415, 416, 417, 418, 500, 501, 502, 503, 504, 505, 506, 507, 508, 509, 510, 511, 512, 513, 514, 515, 516, 517, 518, 100, 101, 102, 103, 104, 105, 106, 107, 108, 109, 110, 111, 112, 113, 114, 115, 116, 117, 118, 600, 601, 602, 603, 604, 605, 606, 607, 608, 609, 610, 611, 612, 613, 614, 615, 616, 617, 618, 700, 701, 702, 703, 704, 705, 706, 707, 708, 709, 710, 711, 712, 713, 714, 715, 716, 717, 718, 800, 801, 802, 803, 804, 805, 806, 807, 808, 809, 810, 811, 812, 813, 814, 815, 816, 817, 818, 900, 901, 902, 903, 904, 905, 906, 907, 908, 909, 910, 911, 912, 913, 914, 915, 916, 917, 918, 1000, 1001, 1002, 1003, 1004, 1005, 1006, 1007, 1008, 1009, 1010, 1011, 1012, 1013, 1014, 1015, 1016, 1017, 1018, 1100, 1101, 1102, 1103, 1104, 1105, 1106, 1107, 1108, 1109, 1110, 1111, 1112, 1113, 1114, 1115, 1116, 1117, 1118, 1200, 1201, 1202, 1203, 1204, 1205, 1206, 1207, 1208, 1209, 1210, 1211, 1212, 1213, 1214, 1215, 1216, 1217, 1218, 1300, 1301, 1302, 1303, 1304, 1305, 1306, 1307, 1308, 1309, 1310, 1311, 1312, 1313, 1314, 1315, 1316, 1317, 1318, 1400, 1401, 1402, 1403, 1404, 1405, 1406, 1407, 1408, 1409, 1410, 1411, 1412, 1413, 1414, 1415, 1416, 1417, 1418, 1500, 1501, 1502, 1503, 1504, 1505, 1506, 1507, 1508, 1509, 1510, 1511, 1512, 1513, 1514, 1515, 1516, 1517, 1518, 1600, 1601, 1602, 1603, 1604, 1605, 1606, 1607, 1608, 1609, 1610, 1611, 1612, 1613, 1614, 1615, 1616, 1617, 1618, 1700, 1701, 1702, 1703, 1704, 1705, 1706, 1707, 1708, 1709, 1710, 1711, 1712, 1713, 1714, 1715, 1716, 1717, 1718, 1800, 1801, 1802, 1803, 1804, 1805, 1806, 1807, 1808, 1809, 1810, 1811, 1812, 1813, 1814, 1815, 1816, 1817, 1818, 1900, 1901, 1902, 1903, 1904, 1905, 1906, 1907, 1908, 1909, 1910, 1911, 1912, 1913, 1914, 1915, 1916, 1917, 1918], "dec": [-24.735173809475924, -19.08241335777761, -27.889829457931732, -22.205778419847235, -19.361790759824896, -16.52038253206108, -28.144112889493638, -25.29570961123895, -22.444391428679346, -19.594226336130625, -16.742209991083172, -28.326528756396275, -25.476278704391625, -22.62525258821126, -19.774269962691886, -16.922182903260907, -25.590481321316407, -22.7466125694016, -19.9036106268751, -9.601253133264143, -5.256531607472454, -13.631585236295814, -9.271418265765025, -7.076105478852997, -4.875139792550758, -15.482286531925457, -13.297811674076124, -11.096905289908385, -8.887050784739717, -6.665824363206616, -17.313445458451874, -15.118167009207681, -12.906847376780583, -10.683087782414777, -8.447859271063756, -16.915688016630646, -14.695627748000518, -12.462822687619402, 18.39690023199537, 23.618057473956007, 14.636653459727537, 19.854363243575328, 22.4504698927426, 25.03424076199515, 13.469633402746528, 16.063977184461773, 18.653661713339105, 21.232386513635785, 23.802824647920065, 12.271250453825893, 14.845362351782507, 17.413172484254144, 19.9715182512912, 22.520182954113835, 13.595793496764124, 16.137278464498653, 18.668885705118193, 13.800296622963458, 19.48396645839394, 11.046090375576224, 16.754407685480906, 19.608843602903338, 22.460649350179498, 11.10821863359694, 13.964681229774008, 16.823524549651815, 19.681016438089305, 22.53984161225557, 11.139508223519043, 13.994172806425112, 16.84999599675185, 19.7049332473189, 22.56015124641577, 13.98756354061713, 16.832719690838292, 19.676934569196913, -2.3279024411303255, 3.28451375558116, -4.685789734159097, 0.9477338742302899, 3.765422361481556, 6.579961964911933, -4.224755836414558, -1.4060363759891183, 1.4149956510861152, 4.234943499780897, 7.055643285516245, -3.756459522991902, -0.9392107250839509, 1.8790781102875045, 4.696632611662712, 7.514302453871485, -0.47110818318010383, 2.33790250813301, 5.1461146796186625, -14.800315506872716, -9.143810997689508, -17.317610180425337, -11.64819454044865, -8.811641606349081, -5.977828590051761, -16.962459133817333, -14.130106484616014, -11.294864485756245, -8.460208160819997, -5.624076103755073, -16.567927451692086, -13.741543371028586, -10.91367728037274, -8.085701021366688, -5.256711055297544, -13.320056736566011, -10.505958492228249, -7.691956046549854, -23.90581789110214, -18.64556230124876, -27.64597290956292, -22.34386767957163, -19.679911991477333, -17.01193216775983, -28.704912935652057, -26.036731503572202, -23.35717928649861, -20.67222991150758, -17.97900281410436, -29.699972572847138, -27.012959732762013, -24.31737585902206, -21.61521162167511, -18.906184901240888, -27.925494578032364, -25.219090225250298, -22.507760822393887, 6.235293409538061, 10.891836454152267, 2.253283613532828, 6.918822645298617, 9.24354478249765, 11.558733942162629, 0.6061529587718533, 2.9322693387292347, 5.2585120486294565, 7.577949690057393, 9.893278340021663, -1.0452560819203693, 1.271906498996971, 3.588568484045107, 5.901577454977435, 8.2104097967484, -0.39075639263585943, 1.9139655210526771, 4.215453901295139, -20.19888700790608, -25.781135536845767, -16.82549610025053, -22.409983494464694, -25.19827495756162, -27.981158342721958, -16.207516573602174, -18.989848790740524, -21.772198148777157, -24.549612868260507, -27.325188831654888, -15.547216320435554, -18.314843103620383, -21.080670379561198, -23.842093683707645, -26.599799773735143, -17.595165773671855, -20.337670569868294, -23.075094999378788, -7.750103980497428, -2.129382223955729, -10.126485402672603, -4.489637913166311, -1.6696465944540315, 1.147483027931472, -9.667035915201454, -6.848985056889785, -4.028248979118709, -1.2082296666877574, 1.6129096261412124, -9.187074088398727, -6.372702490160483, -3.5569787130862505, -0.7415381601453498, 2.0744536273400223, -5.8820598177302035, -3.0777180636732315, -0.2737920297945329, -25.666605323603424, -20.104735701449435, -29.060978775300278, -23.45982266687906, -20.654677274234786, -17.850535961831937, -29.602357495934044, -26.789948179103316, -23.97276908567214, -21.15542900380205, -18.334796246989907, -30.069339880288954, -27.248327336662015, -24.42511999175217, -21.60070176323124, -18.7740632381945, -27.6362220288675, -24.813622951869398, -21.991059882861258, -4.0125165529973845, 0.5678465884968331, -8.01178388111378, -3.4160169180280944, -1.1129224353849576, 1.1894548943797116, -9.710729813808396, -7.411868597368722, -5.10390746952136, -2.7938549821678356, -0.4789850596570879, -11.397328602434033, -9.095153229402559, -6.784523945727036, -4.468606879561468, -2.147943659919702, -10.763755508618218, -8.452704128347916, -6.136134903456538, 19.944595452221396, 25.3546002258755, 16.335132131405363, 21.741698789258468, 24.43604541921372, 27.12108110156513, 15.403200605350087, 18.09280153072398, 20.779651917269074, 23.458009261763905, 26.130740541258024, 14.43332483119097, 17.10384417312627, 19.76976575011312, 22.428129725954566, 25.079091442549355, 16.076241201712108, 18.715686085153642, 21.34692315036991, 3.183127777882736, 8.804613179975366, 0.7811129897874548, 6.428543695943189, 9.252580091981242, 12.073277812936004, 1.1899925000184617, 4.017666907178222, 6.847378464570582, 9.675694820435721, 12.50457419580969, 1.5930703937966786, 4.421018054275356, 7.249807605013956, 10.077553457213813, 12.905168202179048, 4.812684265226949, 7.633711127921696, 10.453711406720567, -22.840377066092113, -17.153527310628863, -25.772934805762763, -20.06310693254789, -17.206965133731956, -14.353880552175053, -25.79270791750371, -22.935994770871364, -20.0768287650062, -17.2189784990845, -14.359706168308847, -25.74737386144212, -22.89355767865127, -20.039071704078232, -17.18481411291193, -14.32966347669699, -22.79233167388668, -19.949322655061454, -17.107053824080054, 21.480128080694215, 15.79030818007653, 24.31275617230443, 18.6034304155466, 15.747518812683115, 12.894667950320002, 24.235386561831604, 21.38059881198726, 18.523322495700626, 15.66723426887383, 12.809745556839506, 24.09762865516693, 